,Classifier,f_score,g_mean,auc_value
0,LR,0.9222464241074256,0.9858221147966235,0.9858425172588575
1,GBC,0.9940891442934235,0.9962282634540811,0.9962519492138785
2,XGboost,0.9947020773627371,0.9968259649576616,0.9968401845079964
3,KNN,0.9866833152726302,0.9971335466949343,0.997142278369898
4,DT,0.9883643820211405,0.9967641232372092,0.9967726223107531
